Type,Name,Request Count,Failure Count,Median Response Time,Average Response Time,Min Response Time,Max Response Time,Average Content Size,Requests/s,Failures/s,50%,66%,75%,80%,90%,95%,98%,99%,99.9%,99.99%,100%
POST,/invoke/sieve,42019,1076,31,32.88371367202838,0.7127760000003036,761.7747220001547,815.9929317689616,53.73600138388746,1.3760426828116545,31,32,32,33,38,46,63,73,87,460,760
,Aggregated,42019,1076,31,32.88371367202838,0.7127760000003036,761.7747220001547,815.9929317689616,53.73600138388746,1.3760426828116545,31,32,32,33,38,46,63,73,87,460,760
